,item,price
0,"
    더마시나 무항생제 구운계란60구, 1개, 2,100g
","10,300"
1,"
    오복유통 HACCP인증 구운계란 2판60구, 60구, 2판
","13,900"
2,"
    참나무촌 무염훈제계란, 30개입, 1.2kg(한판)
","6,200"
3,"
    맛군 촉촉 쫄깃 구운 계란, 30알, 1박스
","7,900"
4,"
    꾼란 맥반석 구운계란 30구 1판, 30개입, 1.2kg
","7,900"
5,"
    [ 계란사랑 ] 맥반석 구운계란 구운란 60구 (2판), 2700g
","11,900"
6,"
    감동란 간이베어 있는 촉촉한 반숙계란, 50g, 30개입
","16,900"
7,"
    진주햄 오마이 포켓 메추리알 5p, 25g, 10개입
","9,440"
8,"
    에그에그 무항생제 맥반석 구운계란 1+1 대란 2판 총60구 훈제, 1개, 구운란30구+훈제란30구
","14,900"
9,"
    에그에그 무항생제 맥반석 구운계란 1+1 대란 2판 총60구 훈제, 2개, 구운계란 30구
","11,900"
10,"
    맥반석 구운계란30 망있음 소금포함 훈제란바다종합유통 구운계란30구 훈제란, 30개
","5,700"
11,"
    더마시나 영양간식 구운계란30구, 30구, 1,050g
","4,200"
12,"
    꾼란 맥반석 구운계란 30구+30구 총2판, 60개입, 1.2kg
","11,900"
13,"
    이엔에프푸드 반숙란 촉촉하게 간이배어 방금삶은것처럼 고소한 뉴반숙란 30개, 1500g
","13,800"
14,"
    가농 금계란 1+등급 특란, 40개, 60g
","12,900"
15,"
    빛고을장터 [데이타임특가] 참숯 구운계란 HACCP 구운란 30구 60구 간식 다이어트, 1box, 1.구운계란 30구 x 1판
","4,900"
16,"
    농가정보서비스 [나린뜰] 맥반석 구운계란 1+1 [2판 무료배송], 1개, 990g + 990g
","10,300"
17,"
    미스터유 참숯 구운란 훈제 맥반석구운계란 30구, 대란
","4,900"
18,"
    행복담기 참나무로 쫄깃하게 훈제메추리알 15gx30개입, 1개, 15g
","9,800"
19,"
    [행복란] 촉촉하고 부드러운 반숙계란 행복란 30구, 단품
","10,900"
20,"
    오복유통 HACCP인증 구운계란 1판 30구
","5,700"
21,"
    푸른들농장 영월 동물복지 무항생제 유정란 청란 (청계란)(부화x), 20개
","12,900"
22,"
    나린뜰 무항생제 맥반석 구운계란, 30구
","4,500"
23,"
    [호유란] 짜지않고 촉촉한 반숙계란 30개입, 1개, 1500g
","15,660"
24,"
    계림농장 무항생제 반숙란 30구 1판, 1세트
","11,900"
25,"
    행복담기 참나무로 쫄깃하게 훈제 메추리알, 30개입, 15g
","12,800"
26,"
    닭대리의 살균난백, 1kg, 2병
","14,800"
27,"
    [오아시스마켓] 10구 한시특가>자연이란-무항생제 동물복지유정란 행복한 닭의 유정란, 1팩, 520g 이상(10개입)
","3,380"
28,"
    자연방사 유기농 야채먹고 자란 유정란 40구, 1박스
","22,800"
29,"
    영일 아라리 계란 30g(1통-50개), 1박스
","23,200"
30,"
    자연건조 구운계란 구운란 구운달걀 30구 60구 90구 120구, 1box, 구운란 30구
","6,900"
31,"
    알나라깐메추리알1kg/새한
","4,560"
32,"
    전북김제 맥반석 구운계란 30구 60구 90구 120구, 1box, 김제안심구운란60구
","12,900"
33,"
    반찬단지 삶아서깐 메추리알, 1개, 1kg
","5,900"
34,"
    중국식품 건두부 중국두부 1kg
","8,000"
35,"
    훈민정과 꿀머금 무항생제 구운란, 30구
","8,700"
36,"
    달군스토어 [HACCP] 무항생제 구운계란, 35g, 60개
","15,000"
37,"
    [나린뜰] 맥반석 구운계란(당일출고), 1개
","6,900"
38,"
    에코팜 금에그 30팩 깐계란 구운달걀 구운계란 구운란
","14,700"
39,"
    에그모닝 반숙계란, 1box, 20구
","9,860"
40,"
    아라리계란 30gX10개입개별포장구운계란염지란 바다종합유통, 10개
","4,800"
41,"
    아라리 메추리알15g(3알)x15개 1봉, 15
","6,000"
42,"
    [명품구운란] 구운계란 맥반석계란 구운란 대란 60구 (2판)
","15,300"
43,"
    더마시나 구운계란 판매자 추천상품 모음(무배), 1개, 구운계란30구(1판)
","4,200"
44,"
    살림살이몰 HACCP 구운계란 3판 2판 1판 맥반석계란 구운란, 30구, 1구당 약45g
","8,000"
45,"
    [명품구운란] 구운계란 맥반석계란 구운란 대란 30구
","6,500"
46,"
    행복담기 참나무로 쫄깃하게 훈제 메추리알, 단품
","10,410"
47,"
    아라리 계란 30개입(+맛보기 밀크츄 2개), 30개입, 900g
","18,900"
48,"
    더마시나 무항생제 구운계란30구(1 050g), 1개
","4,200"
49,"
    우체국쇼핑 맥반석 구운계란 꾼란, 30개입
","8,900"
50,"
    깐 메추리알 1kg, 1개
","4,900"
51,"
    푸르젠 [동물복지 무항생제인증] 유정청란, 1개, 20구
","14,900"
52,"
    [강정백봉오골계농장]유정란 백봉 오골계 계란(부화용 자연방사 무항생제), 백봉오골계란 10구
","9,900"
53,"
    푸르젠 참숯돌에서 구운계란 (개당 45~50g 국산 구운소금증정), 30개, (개당 45~50g)
","7,900"
54,"
    중국식품 말린것(9개입) 중국두부
","1,980"
55,"
    영일 아라리 계란 (훈제란) 30g, 50개
","21,500"
56,"
    훈제 메추리알 15g*30입 2개 아침대용으로 간편한 야식으로 안성맞춤, 60입
","23,500"
57,"
    중국식품 푸주 훠궈재료 압착중국두부 163g
","2,850"
58,"
    [참나무촌] HACCP인증 무항생제 무염훈제란 60구, 2.4kg
","14,500"
59,"
    닭대리의 살균난백, 1kg, 4병
","26,100"
